ID_LEAD,score,prob_conversao,segmentacao
5564652,0.37268254,0.08486890117703516,Baixo
