ID_LEAD,score,prob_conversao,segmentacao
5629563,0.0006015245500000001,0.0021188823735940783,Muito Baixo
5629564,0.16681223,0.04390881784602292,Muito Baixo
5629565,0.004823872,0.0021188823735940783,Muito Baixo
5629566,0.0010423313,0.0021188823735940783,Muito Baixo
