ID_LEAD,score,prob_conversao,segmentacao
5714022,0.0013261492,0.017793354216891658,Muito Baixo
5714023,0.00012527574,0.017793354216891658,Muito Baixo
