ID_LEAD,score,prob_conversao,segmentacao
6128789,0.0041374206,-0.011981436427173295,Muito Baixo
6128790,0.00019119782,-0.011981436427173295,Muito Baixo
