ID_LEAD,score,prob_conversao,segmentacao
5805062,0.00012004017,-0.011981436427173295,Muito Baixo
5805063,0.0018134535999999998,-0.011981436427173295,Muito Baixo
5805064,0.00076821644,-0.011981436427173295,Muito Baixo
5805065,0.00034798017999999994,-0.011981436427173295,Muito Baixo
5805066,0.00021650731,-0.011981436427173295,Muito Baixo
5805067,0.00045635767,-0.011981436427173295,Muito Baixo
5805068,0.00076821644,-0.011981436427173295,Muito Baixo
5805069,0.00038666913,-0.011981436427173295,Muito Baixo
5805070,0.00076821644,-0.011981436427173295,Muito Baixo
