ID_LEAD,score,prob_conversao,segmentacao
5695344,0.0025665006,0.017793354216891658,Muito Baixo
5695345,0.0037590171999999995,0.017793354216891658,Muito Baixo
