ID_LEAD,score,prob_conversao,segmentacao
5566524,0.25862867,0.05734733687148474,Baixo
