ID_LEAD,score,prob_conversao,segmentacao
5695425,0.0025665006,0.017793354216891658,Muito Baixo
