ID_LEAD,score,prob_conversao,segmentacao
5565608,0.18825029999999998,0.04635046777980384,Muito Baixo
