ID_LEAD,score,prob_conversao,segmentacao
5761608,0.0008535802499999999,0.02489849822332513,Muito Baixo
5761609,0.0008535802499999999,0.02489849822332513,Muito Baixo
5761606,0.0018247213,0.02489849822332513,Muito Baixo
5761607,0.0008535802499999999,0.02489849822332513,Muito Baixo
5761610,0.0004968264,0.02489849822332513,Muito Baixo
