ID_LEAD,score,prob_conversao,segmentacao
6087766,0.0014503829000000002,-0.011981436427173295,Muito Baixo
6087763,0.0009743511,-0.011981436427173295,Muito Baixo
6087764,0.00022180854,-0.011981436427173295,Muito Baixo
6087765,0.0008910932000000001,-0.011981436427173295,Muito Baixo
6087767,0.0009743511,-0.011981436427173295,Muito Baixo
