ID_LEAD,score,prob_conversao,segmentacao
5754345,0.025931275,0.06070661429705222,Muito Baixo
5754346,0.005741072,0.039399597268262115,Muito Baixo
