ID_LEAD,score,prob_conversao,segmentacao
5874135,0.00013676444,-0.011981436427173295,Muito Baixo
5874134,0.00013676444,-0.011981436427173295,Muito Baixo
5874136,0.010684101000000001,0.002865714704990905,Muito Baixo
