ID_LEAD,score,prob_conversao,segmentacao
5704074,0.27801892,0.08874129372867723,Baixo
5704072,0.00084688875,0.017793354216891658,Muito Baixo
5704069,0.0010808598,0.017793354216891658,Muito Baixo
5704070,0.0053631053000000005,0.03479698722802185,Muito Baixo
5704071,0.00084688875,0.017793354216891658,Muito Baixo
5704073,0.1274729,0.09605672203791607,Muito Baixo
