ID_LEAD,score,prob_conversao,segmentacao
5566557,0.47857586,0.119593876778694,Médio
5566558,0.5660853,0.1472648172148933,Médio
