ID_LEAD,score,prob_conversao,segmentacao
5791612,0.016709333,0.015015925278881797,Muito Baixo
5791613,0.0033492516,-0.011981436427173295,Muito Baixo
5791614,0.0006376548,-0.011981436427173295,Muito Baixo
5791615,0.023582231000000002,0.015015925278881797,Muito Baixo
5791616,0.00284919,-0.011981436427173295,Muito Baixo
