ID_LEAD,score,prob_conversao,segmentacao
5885467,0.027698105,0.024830489137683563,Muito Baixo
5885468,4.4509645e-05,-0.011981436427173295,Muito Baixo
5885469,0.0010687226,-0.011981436427173295,Muito Baixo
