ID_LEAD,score,prob_conversao,segmentacao
6057620,0.00027393913,-0.011981436427173295,Muito Baixo
6057621,0.0016101894,-0.011981436427173295,Muito Baixo
6057622,0.0009511811999999999,-0.011981436427173295,Muito Baixo
