ID_LEAD,score,prob_conversao,segmentacao
5829234,0.23601674,0.06522658341281515,Baixo
5829235,0.00029972347,-0.011981436427173295,Muito Baixo
