ID_LEAD,score,prob_conversao,segmentacao
6176462,0.0014642098,-0.011981436427173295,Muito Baixo
6176463,0.0022794432,-0.011981436427173295,Muito Baixo
6176464,0.0014392862,-0.011981436427173295,Muito Baixo
6176465,0.00076821644,-0.011981436427173295,Muito Baixo
6176466,0.00076821644,-0.011981436427173295,Muito Baixo
6176467,0.0037727171999999997,-0.011981436427173295,Muito Baixo
6176468,0.0014285912,-0.011981436427173295,Muito Baixo
6176469,0.00021890979,-0.011981436427173295,Muito Baixo
