ID_LEAD,score,prob_conversao,segmentacao
5860704,0.016411213,0.015015925278881797,Muito Baixo
5860701,0.0018795792000000002,-0.011981436427173295,Muito Baixo
5860702,0.0016764401999999998,-0.011981436427173295,Muito Baixo
5860703,0.50698626,0.14873752963489315,Médio
5860705,0.0010191867,-0.011981436427173295,Muito Baixo
