ID_LEAD,score,prob_conversao,segmentacao
5869885,0.0015142526999999998,-0.011981436427173295,Muito Baixo
