ID_LEAD,score,prob_conversao,segmentacao
6123557,0.0012695948,-0.011981436427173295,Muito Baixo
6123558,0.00084949,-0.011981436427173295,Muito Baixo
6123559,0.00077997684,-0.011981436427173295,Muito Baixo
6123560,0.0016192495,-0.011981436427173295,Muito Baixo
