ID_LEAD,score,prob_conversao,segmentacao
5637505,0.007961354,0.007682344779251229,Muito Baixo
5637506,0.005235029,0.007682344779251229,Muito Baixo
5637507,0.010050433000000001,0.007682344779251229,Muito Baixo
5637508,0.10528371,0.036492204506776885,Muito Baixo
