ID_LEAD,score,prob_conversao,segmentacao
5759514,0.006350341999999999,0.039399597268262115,Muito Baixo
5759509,0.024257276,0.05122673237943914,Muito Baixo
5759510,0.0047376594,0.02489849822332513,Muito Baixo
5759511,0.028461047000000003,0.06070661429705222,Muito Baixo
5759512,0.0047376594,0.02489849822332513,Muito Baixo
5759513,0.18774745,0.07589138700155294,Muito Baixo
5759515,0.004830870300000001,0.02489849822332513,Muito Baixo
5759516,0.0022562451,0.02489849822332513,Muito Baixo
