ID_LEAD,score,prob_conversao,segmentacao
5883541,0.0008922958,-0.011981436427173295,Muito Baixo
5883542,0.0019685773,-0.011981436427173295,Muito Baixo
5883543,0.008714745,0.002865714704990905,Muito Baixo
5883544,0.00084949,-0.011981436427173295,Muito Baixo
5883545,0.006878960999999999,0.002865714704990905,Muito Baixo
