ID_LEAD,score,prob_conversao,segmentacao
6092466,0.004786751,-0.011981436427173295,Muito Baixo
6092464,0.12841278,0.05390262405857374,Muito Baixo
6092465,0.0007259332000000001,-0.011981436427173295,Muito Baixo
6092467,0.023673281,0.015015925278881797,Muito Baixo
