ID_LEAD,score,prob_conversao,segmentacao
5791571,0.11155694,0.05314840171570333,Muito Baixo
5791572,0.005668637,0.002865714704990905,Muito Baixo
5791573,0.0018598789000000002,-0.011981436427173295,Muito Baixo
5791574,0.0027138302,-0.011981436427173295,Muito Baixo
5791575,0.07441352,0.04691136678787531,Muito Baixo
