ID_LEAD,score,prob_conversao,segmentacao
5564585,0.61015654,0.1591960709721056,Alto
