ID_LEAD,score,prob_conversao,segmentacao
5565498,0.38680872,0.09094009252649933,Baixo
