ID_LEAD,score,prob_conversao,segmentacao
5783189,0.017899876000000002,0.011940572854469832,Muito Baixo
