ID_LEAD,score,prob_conversao,segmentacao
5721822,0.009543579,0.03479698722802185,Muito Baixo
5721816,0.0018776237,0.017793354216891658,Muito Baixo
5721817,0.012435439,0.03479698722802185,Muito Baixo
5721818,0.25550392,0.08713459169098392,Baixo
5721819,0.00024322359,0.017793354216891658,Muito Baixo
5721820,0.0019525560999999999,0.017793354216891658,Muito Baixo
5721821,0.009543579,0.03479698722802185,Muito Baixo
5721823,0.14065453,0.0953184874969385,Muito Baixo
