ID_LEAD,score,prob_conversao,segmentacao
6075045,0.5203985999999999,0.15053501939684194,Médio
6075046,0.72111446,0.2229473709139964,Alto
6075047,0.000844265,-0.011981436427173295,Muito Baixo
6075048,0.00022543484,-0.011981436427173295,Muito Baixo
6075049,0.06623663,0.04691136678787531,Muito Baixo
