ID_LEAD,score,prob_conversao,segmentacao
5770253,0.0048374147,0.02489849822332513,Muito Baixo
5770248,0.49108776,0.15909474461016698,Médio
5770249,2.1960587999999998e-05,0.02489849822332513,Muito Baixo
5770250,0.057813223,0.07796408704756404,Muito Baixo
5770251,0.017443923,0.05122673237943914,Muito Baixo
5770252,0.0040102340000000005,0.02489849822332513,Muito Baixo
