ID_LEAD,score,prob_conversao,segmentacao
5796977,0.0006320773,-0.011981436427173295,Muito Baixo
5796978,0.0013124964000000002,-0.011981436427173295,Muito Baixo
5796979,0.00248644,-0.011981436427173295,Muito Baixo
5796980,0.0016749501000000002,-0.011981436427173295,Muito Baixo
5796981,0.00036392576,-0.011981436427173295,Muito Baixo
