ID_LEAD,score,prob_conversao,segmentacao
5754353,0.0010848659,0.02489849822332513,Muito Baixo
5754354,0.012786155,0.039399597268262115,Muito Baixo
