ID_LEAD,score,prob_conversao,segmentacao
5632955,0.0002668216,0.0021188823735940783,Muito Baixo
5632956,0.002232862,0.0021188823735940783,Muito Baixo
5632957,0.00019732214,0.0021188823735940783,Muito Baixo
5632958,7.607766e-05,0.0021188823735940783,Muito Baixo
5632959,0.0009266478599999999,0.0021188823735940783,Muito Baixo
5632960,0.01927555,0.012565737720395572,Muito Baixo
