ID_LEAD,score,prob_conversao,segmentacao
5754335,0.0072052293,0.039399597268262115,Muito Baixo
5754334,0.0037541955,0.02489849822332513,Muito Baixo
5754336,0.0058695297,0.039399597268262115,Muito Baixo
