ID_LEAD,score,prob_conversao,segmentacao
5766297,0.19620171,0.07546082531694509,Muito Baixo
5766296,0.008412254000000001,0.039399597268262115,Muito Baixo
5766295,0.42535922,0.13732696962014568,Médio
5766298,0.0067986743999999995,0.039399597268262115,Muito Baixo
5766299,0.008509753,0.039399597268262115,Muito Baixo
5766300,0.006915729,0.039399597268262115,Muito Baixo
5766301,0.0057277395,0.039399597268262115,Muito Baixo
5766302,0.0024977957,0.02489849822332513,Muito Baixo
5766303,0.6533667,0.19630257109136404,Alto
