ID_LEAD,score,prob_conversao,segmentacao
5565581,0.74392605,0.21002735898257685,Alto
