ID_LEAD,score,prob_conversao,segmentacao
5566379,0.42438325,0.10036766483795202,Médio
