ID_LEAD,score,prob_conversao,segmentacao
5565844,0.37579927,0.08787757302865801,Baixo
