ID_LEAD,score,prob_conversao,segmentacao
5629645,0.002360459,0.0021188823735940783,Muito Baixo
5629644,0.002360459,0.0021188823735940783,Muito Baixo
5629642,0.012293587,0.007682344779251229,Muito Baixo
5629643,0.17111145,0.04390881784602292,Muito Baixo
5629646,0.0010956435,0.0021188823735940783,Muito Baixo
5629647,0.00245309,0.0021188823735940783,Muito Baixo
5629648,0.0008772872999999999,0.0021188823735940783,Muito Baixo
