ID_LEAD,score,prob_conversao,segmentacao
5695338,0.0013002651,0.017793354216891658,Muito Baixo
