ID_LEAD,score,prob_conversao,segmentacao
5866623,0.0009886039,-0.011981436427173295,Muito Baixo
5866624,0.0009907159,-0.011981436427173295,Muito Baixo
