ID_LEAD,score,prob_conversao,segmentacao
5714071,0.009033878,0.03479698722802185,Muito Baixo
5714074,0.08297765,0.09208630364320423,Muito Baixo
5714075,0.08297765,0.09208630364320423,Muito Baixo
5714069,0.0056698862,0.03479698722802185,Muito Baixo
5714070,0.009033878,0.03479698722802185,Muito Baixo
5714072,0.23818597,0.08665369235637066,Baixo
5714073,0.08297765,0.09208630364320423,Muito Baixo
