ID_LEAD,score,prob_conversao,segmentacao
5704112,0.0006948419599999999,0.017793354216891658,Muito Baixo
5704108,0.0023842575,0.017793354216891658,Muito Baixo
5704109,0.006854157,0.03479698722802185,Muito Baixo
5704110,0.1553886,0.0932156674594192,Muito Baixo
5704111,0.001532299,0.017793354216891658,Muito Baixo
5704113,0.339039,0.09996884339517972,Baixo
