ID_LEAD,score,prob_conversao,segmentacao
6093479,0.00021180535,-0.011981436427173295,Muito Baixo
6093480,0.00022282472999999998,-0.011981436427173295,Muito Baixo
6093481,0.00028724736,-0.011981436427173295,Muito Baixo
6093482,0.00020420081000000002,-0.011981436427173295,Muito Baixo
6093483,0.006175784,0.002865714704990905,Muito Baixo
