ID_LEAD,score,prob_conversao,segmentacao
5637542,0.012652083,0.007682344779251229,Muito Baixo
5637540,0.00012568687,0.0021188823735940783,Muito Baixo
5637541,0.012652083,0.007682344779251229,Muito Baixo
5637543,0.012652083,0.007682344779251229,Muito Baixo
