ID_LEAD,score,prob_conversao,segmentacao
6088217,0.029894305,0.024830489137683563,Muito Baixo
6088218,0.028788399,0.024830489137683563,Muito Baixo
6088219,0.025427900000000003,0.024830489137683563,Muito Baixo
6088220,0.00077997684,-0.011981436427173295,Muito Baixo
