ID_LEAD;CPF_CORRETOR;CPF_CORRETOR_2;CPF_CORRETOR_3;RATING;RATING_2;RATING_3;SCORE;FLAG_REDISTRIBUICAO
5891498.0;22938607873.0;22938607873.0;30844032875.0;3.0244657175982916;3.0244657175982916;3.0244657175982916;0.0013715272070840001;False
