ID_LEAD;CPF_CORRETOR;CPF_CORRETOR_2;CPF_CORRETOR_3;RATING;RATING_2;RATING_3;SCORE;FLAG_REDISTRIBUICAO
5717911.0;12815302802.0;35926191874.0;31040348858.0;1.4000000000000004;1.3000000000000003;1.3000000000000003;0.0022876248694956303;False
