ID_LEAD;CPF_CORRETOR;CPF_CORRETOR_2;CPF_CORRETOR_3;RATING;RATING_2;RATING_3;SCORE;FLAG_REDISTRIBUICAO
5896559.0;48149657886.0;47572119883.0;25159375864.0;3.0728158271961026;3.0728158271961026;3.0728158271961026;0.0005145870964042842;False
