ID_LEAD;CPF_CORRETOR;CPF_CORRETOR_2;CPF_CORRETOR_3;RATING;RATING_2;RATING_3;SCORE;FLAG_REDISTRIBUICAO
5902121.0;41266296883.0;33789481831.0;30844032875.0;3.008393042889441;3.008393042889441;3.008393042889441;0.004774291068315506;False
5902139.0;30844032875.0;33789481831.0;30844032875.0;3.008393042889441;3.008393042889441;3.008393042889441;0.004354653414338827;False
