ID_LEAD;CPF_CORRETOR;CPF_CORRETOR_2;CPF_CORRETOR_3;RATING;RATING_2;RATING_3;SCORE;FLAG_REDISTRIBUICAO
5866478.0;31332143814.0;48149657886.0;47572119883.0;2.3671080840478025;2.3671080840478025;2.3671080840478025;0.002138738287612796;False
