ID_LEAD;CPF_CORRETOR;CPF_CORRETOR_2;CPF_CORRETOR_3;RATING;RATING_2;RATING_3;SCORE;FLAG_REDISTRIBUICAO
5869662.0;30844032875.0;47572119883.0;30844032875.0;3.079652344496026;3.079652344496026;3.079652344496026;0.0018929076613858342;False
