ID_LEAD;CPF_CORRETOR;CPF_CORRETOR_2;CPF_CORRETOR_3;RATING;RATING_2;RATING_3;SCORE;FLAG_REDISTRIBUICAO
5811423.0;25159375864.0;36806925871.0;30844032875.0;3.079652344496026;3.079652344496026;3.079652344496026;0.002299986779689789;False
