ID_LEAD;CPF_CORRETOR;CPF_CORRETOR_2;CPF_CORRETOR_3;RATING;RATING_2;RATING_3;SCORE;FLAG_REDISTRIBUICAO
5454545;2206936925.0;2761393058.0;2061051936.0;0;0;0;0.4167542;False
5454626;2061051936.0;2761393058.0;2061051936.0;0;0;0;0.025245862;False
5454669;2761393058.0;2061051936.0;38499938841.0;0;0;0;0.015751002;False
5454720;64776905949.0;2206936925.0;2206936925.0;0;0;0;0.0046406784;False
