ID_LEAD;CPF_CORRETOR;CPF_CORRETOR_2;CPF_CORRETOR_3;RATING;RATING_2;RATING_3;SCORE;FLAG_REDISTRIBUICAO
5885328.0;47572119883.0;29284670845.0;27507691837.0;2.9935362819649782;2.893536281964978;2.893536281964978;4.364521009847522e-05;False
