ID_LEAD;CPF_CORRETOR;CPF_CORRETOR_2;CPF_CORRETOR_3;RATING;RATING_2;RATING_3;SCORE;FLAG_REDISTRIBUICAO
5862922.0;30844032875.0;90441460410.0;33176385838.0;3.008393042889441;2.908393042889441;2.908393042889441;0.0020043067634105682;False
