ID_LEAD;CPF_CORRETOR;CPF_CORRETOR_2;CPF_CORRETOR_3;RATING;RATING_2;RATING_3;SCORE;FLAG_REDISTRIBUICAO
6155955.0;38180726800.0;19268844850.0;43503207848.0;2.104800027734764;2.104800027734764;2.0048000277347633;0.011339849792420864;False
