ID_LEAD;CPF_CORRETOR;CPF_CORRETOR_2;CPF_CORRETOR_3;RATING;RATING_2;RATING_3;SCORE;FLAG_REDISTRIBUICAO
5783057.0;33333456842.0;33333456842.0;30234432896.0;2.6487571310845546;2.6487571310845546;2.5487571310845545;0.011050554923713207;False
