ID_LEAD;CPF_CORRETOR;CPF_CORRETOR_2;CPF_CORRETOR_3;RATING;RATING_2;RATING_3;SCORE;FLAG_REDISTRIBUICAO
5873935.0;25159375864.0;33789481831.0;36806925871.0;3.0244657175982916;3.0244657175982916;3.0244657175982916;0.004863915033638477;False
