ID_LEAD;CPF_CORRETOR;CPF_CORRETOR_2;CPF_CORRETOR_3;RATING;RATING_2;RATING_3;SCORE;FLAG_REDISTRIBUICAO
6012338.0;22185293869.0;21604402806.0;22185293869.0;2.979652344496026;2.979652344496026;2.979652344496026;0.04388473555445671;False
6012420.0;22185293869.0;21604402806.0;22185293869.0;2.979652344496026;2.979652344496026;2.979652344496026;0.009938838891685009;False
