ID_LEAD;CPF_CORRETOR;CPF_CORRETOR_2;CPF_CORRETOR_3;RATING;RATING_2;RATING_3;SCORE;FLAG_REDISTRIBUICAO
5883407.0;41266296883.0;33789481831.0;30844032875.0;2.9398936126844935;2.9398936126844935;2.9398936126844935;0.00010826015204656869;False
