ID_LEAD;CPF_CORRETOR;CPF_CORRETOR_2;CPF_CORRETOR_3;RATING;RATING_2;RATING_3;SCORE;FLAG_REDISTRIBUICAO
5902095.0;12815302802.0;34063917886.0;32251396888.0;2.7244657175982914;2.7244657175982914;2.7244657175982914;0.002299986779689789;False
