ID_LEAD;CPF_CORRETOR;CPF_CORRETOR_2;CPF_CORRETOR_3;RATING;RATING_2;RATING_3;SCORE;FLAG_REDISTRIBUICAO
5766108.0;12815302802.0;31040348858.0;34063917886.0;1.4783047870519943;1.3783047870519942;1.2783047870519941;0.05518583580851555;False
