ID_LEAD;CPF_CORRETOR;CPF_CORRETOR_2;CPF_CORRETOR_3;RATING;RATING_2;RATING_3;SCORE;FLAG_REDISTRIBUICAO
5887027.0;22938607873.0;39401224838.0;37873727840.0;2.963419406343664;2.863419406343664;2.863419406343664;0.0020043067634105682;False
