ID_LEAD;CPF_CORRETOR;CPF_CORRETOR_2;CPF_CORRETOR_3;RATING;RATING_2;RATING_3;SCORE;FLAG_REDISTRIBUICAO
5776410.0;22938607873.0;33333456842.0;30234432896.0;2.6487571310845546;2.6487571310845546;2.5487571310845545;0.017783047631382942;False
