ID_LEAD;CPF_CORRETOR;CPF_CORRETOR_2;CPF_CORRETOR_3;RATING;RATING_2;RATING_3;SCORE;FLAG_REDISTRIBUICAO
6123253.0;30844032875.0;30844032875.0;41266296883.0;2.304800027734764;2.304800027734764;2.2048000277347635;0.0023946408182382584;False
6123277.0;30844032875.0;30844032875.0;41266296883.0;2.304800027734764;2.304800027734764;2.2048000277347635;0.004848839249461889;False
6123298.0;41266296883.0;33789481831.0;30844032875.0;2.969180949920839;2.969180949920839;2.969180949920839;0.0006971501861698925;False
