ID_LEAD;CPF_CORRETOR;CPF_CORRETOR_2;CPF_CORRETOR_3;RATING;RATING_2;RATING_3;SCORE;FLAG_REDISTRIBUICAO
5818284.0;21333134860.0;36806925871.0;30844032875.0;3.079652344496026;3.079652344496026;3.079652344496026;0.0009743510745465755;False
