ID_LEAD;CPF_CORRETOR;CPF_CORRETOR_2;CPF_CORRETOR_3;RATING;RATING_2;RATING_3;SCORE;FLAG_REDISTRIBUICAO
5695230.0;25159375864.0;25159375864.0;47572119883.0;1.5000000000000004;1.5000000000000004;1.5000000000000004;0.0019156064372509718;False
