ID_LEAD;CPF_CORRETOR;CPF_CORRETOR_2;CPF_CORRETOR_3;RATING;RATING_2;RATING_3;SCORE;FLAG_REDISTRIBUICAO
6017933.0;30844032875.0;41266296883.0;22185293869.0;2.979652344496026;2.979652344496026;2.979652344496026;0.028002893552184105;False
6017993.0;30844032875.0;41266296883.0;22185293869.0;2.979652344496026;2.979652344496026;2.979652344496026;0.03978618606925011;False
6018063.0;30844032875.0;41266296883.0;22185293869.0;2.979652344496026;2.979652344496026;2.979652344496026;0.029849892482161522;False
6018118.0;22185293869.0;41266296883.0;22185293869.0;2.979652344496026;2.979652344496026;2.979652344496026;0.0072653088718652725;False
6018152.0;41266296883.0;41266296883.0;22185293869.0;2.979652344496026;2.979652344496026;2.979652344496026;0.0072653088718652725;False
6018235.0;50288034805.0;41266296883.0;22185293869.0;2.979652344496026;2.979652344496026;2.979652344496026;0.0072653088718652725;False
6018302.0;30844032875.0;41266296883.0;22185293869.0;2.979652344496026;2.979652344496026;2.979652344496026;0.048843201249837875;False
6018366.0;30844032875.0;41266296883.0;22185293869.0;2.979652344496026;2.979652344496026;2.979652344496026;0.013672464527189732;False
6018405.0;22185293869.0;41266296883.0;22185293869.0;2.979652344496026;2.979652344496026;2.979652344496026;0.060401517897844315;False
