ID_LEAD;CPF_CORRETOR;CPF_CORRETOR_2;CPF_CORRETOR_3;RATING;RATING_2;RATING_3;SCORE;FLAG_REDISTRIBUICAO
5754172.0;33176385838.0;43503207848.0;33176385838.0;1.3723586442177464;1.3723586442177464;1.3723586442177464;0.0036614760756492615;False
