ID_LEAD;CPF_CORRETOR;CPF_CORRETOR_2;CPF_CORRETOR_3;RATING;RATING_2;RATING_3;SCORE;FLAG_REDISTRIBUICAO
5823333.0;34630160876.0;32057508889.0;23262551864.0;2.8250313441405748;2.6250313441405746;2.6250313441405746;0.0009743510745465755;False
