ID_LEAD;CPF_CORRETOR;CPF_CORRETOR_2;CPF_CORRETOR_3;RATING;RATING_2;RATING_3;SCORE;FLAG_REDISTRIBUICAO
5784479.0;21333134860.0;47817206848.0;39037858813.0;2.5063843811008897;2.4063843811008896;2.4063843811008896;0.0060626547783613205;False
