ID_LEAD;CPF_CORRETOR;CPF_CORRETOR_2;CPF_CORRETOR_3;RATING;RATING_2;RATING_3;SCORE;FLAG_REDISTRIBUICAO
5649191.0;23262551864.0;34630160876.0;32057508889.0;1.1;1.1;1.1;0.014886063523590565;False
5649220.0;22938607873.0;34630160876.0;32057508889.0;1.1;1.1;1.1;0.05642394348978996;False
