ID_LEAD;CPF_CORRETOR;CPF_CORRETOR_2;CPF_CORRETOR_3;RATING;RATING_2;RATING_3;SCORE;FLAG_REDISTRIBUICAO
5760420.0;44879290831.0;44879290831.0;29284670845.0;1.6711603062591651;1.6711603062591651;1.6711603062591651;0.0053148712031543255;False
