ID_LEAD;CPF_CORRETOR;CPF_CORRETOR_2;CPF_CORRETOR_3;RATING;RATING_2;RATING_3;SCORE;FLAG_REDISTRIBUICAO
5691678.0;27706632830.0;37288408825.0;27706632830.0;1.3408401654344115;1.3408401654344115;1.3408401654344115;0.0008855774067342281;False
