ID_LEAD;CPF_CORRETOR;CPF_CORRETOR_2;CPF_CORRETOR_3;RATING;RATING_2;RATING_3;SCORE;FLAG_REDISTRIBUICAO
5878858.0;30157664813.0;30157664813.0;14042912885.0;2.9186507783427036;2.9186507783427036;2.9186507783427036;0.0009743510745465755;False
