ID_LEAD;CPF_CORRETOR;CPF_CORRETOR_2;CPF_CORRETOR_3;RATING;RATING_2;RATING_3;SCORE;FLAG_REDISTRIBUICAO
5761337.0;28110991823.0;44879290831.0;29284670845.0;1.6711603062591651;1.6711603062591651;1.6711603062591651;0.0015934851253405213;False
5761468.0;44879290831.0;44879290831.0;29284670845.0;1.6711603062591651;1.6711603062591651;1.6711603062591651;0.007190989330410957;False
