ID_LEAD;CPF_CORRETOR;CPF_CORRETOR_2;CPF_CORRETOR_3;RATING;RATING_2;RATING_3;SCORE;FLAG_REDISTRIBUICAO
6038139.0;33789481831.0;33789481831.0;21657403807.0;2.22883673097889;2.22883673097889;2.22883673097889;0.12855148315429688;False
6038162.0;29531565856.0;33789481831.0;21657403807.0;2.22883673097889;2.22883673097889;2.22883673097889;0.0991697683930397;False
6038184.0;33789481831.0;33789481831.0;21657403807.0;2.22883673097889;2.22883673097889;2.22883673097889;0.12855148315429688;False
6038213.0;33789481831.0;33789481831.0;21657403807.0;2.22883673097889;2.22883673097889;2.22883673097889;0.03081897273659706;False
6038223.0;33789481831.0;33789481831.0;21657403807.0;2.22883673097889;2.22883673097889;2.22883673097889;0.12855148315429688;False
6038233.0;29531565856.0;33789481831.0;21657403807.0;2.22883673097889;2.22883673097889;2.22883673097889;0.12855148315429688;False
6038245.0;33789481831.0;33789481831.0;21657403807.0;2.22883673097889;2.22883673097889;2.22883673097889;0.03412257879972458;False
6038259.0;33789481831.0;33789481831.0;21657403807.0;2.22883673097889;2.22883673097889;2.22883673097889;0.12855148315429688;False
6038286.0;21657403807.0;33789481831.0;21657403807.0;2.22883673097889;2.22883673097889;2.22883673097889;0.07807871699333191;False
