ID_LEAD;CPF_CORRETOR;CPF_CORRETOR_2;CPF_CORRETOR_3;RATING;RATING_2;RATING_3;SCORE;FLAG_REDISTRIBUICAO
5454493.0;31519638892.0;30766313816.0;30234432896.0;1.929189356080716;1.929189356080716;1.7291893560807161;0.001943330280482769;False
