ID_LEAD;CPF_CORRETOR;CPF_CORRETOR_2;CPF_CORRETOR_3;RATING;RATING_2;RATING_3;SCORE;FLAG_REDISTRIBUICAO
5851909.0;25159375864.0;25159375864.0;41266296883.0;3.0398936126844935;3.0398936126844935;3.0398936126844935;0.02794662117958069;False
5852059.0;30157664813.0;25159375864.0;41266296883.0;3.0398936126844935;3.0398936126844935;3.0398936126844935;0.02794662117958069;False
5852306.0;17007428843.0;14042912885.0;25159375864.0;2.3886119718509438;2.3886119718509438;2.3886119718509438;0.00588621711358428;False
5852425.0;41266296883.0;25159375864.0;41266296883.0;3.0398936126844935;3.0398936126844935;3.0398936126844935;0.0034201983362436295;False
5852539.0;25159375864.0;25159375864.0;41266296883.0;3.0398936126844935;3.0398936126844935;3.0398936126844935;0.002351617906242609;False
5852666.0;25159375864.0;25159375864.0;41266296883.0;3.0398936126844935;3.0398936126844935;3.0398936126844935;0.0009743510745465755;False
5852795.0;33789481831.0;25159375864.0;41266296883.0;3.0398936126844935;3.0398936126844935;3.0398936126844935;0.0009743510745465755;False
5852901.0;41266296883.0;25159375864.0;41266296883.0;3.0398936126844935;3.0398936126844935;3.0398936126844935;0.002294768812134862;False
