ID_LEAD;CPF_CORRETOR;CPF_CORRETOR_2;CPF_CORRETOR_3;RATING;RATING_2;RATING_3;SCORE;FLAG_REDISTRIBUICAO
5703933.0;22938607873.0;39401224838.0;22938607873.0;1.155746925884945;1.155746925884945;1.155746925884945;0.002100701443850994;False
