ID_LEAD;score;prob_conversao;segmentacao
6126037;0.0014500507;-0.011981436427173295;Muito Baixo
6126036;0.01770461;0.015015925278881797;Muito Baixo
6126038;0.0009850003;-0.011981436427173295;Muito Baixo
6126039;0.012583948;0.0028657147049909047;Muito Baixo
6126040;0.015682504;0.015015925278881797;Muito Baixo
6126041;0.00030343418;-0.011981436427173295;Muito Baixo
