ID_LEAD;score;prob_conversao;segmentacao
6161205;0.3283049;0.094725551234453;Baixo
6161206;0.00018417208;-0.011981436427173295;Muito Baixo
6161207;0.0037480013;-0.011981436427173295;Muito Baixo
