ID_LEAD;score;prob_conversao;segmentacao
5760560;0.001721015;0.02489849822332513;Muito Baixo
5760559;0.0042680986;0.02489849822332513;Muito Baixo
5760561;0.33507106;0.10150909844578593;Baixo
5760562;0.24568754;0.07790285926379875;Baixo
