ID_LEAD;score;prob_conversao;segmentacao
5644273;0.0005396054;0.0021188823735940783;Muito Baixo
5644278;0.0005396054;0.0021188823735940783;Muito Baixo
5644274;0.00028596635;0.0021188823735940783;Muito Baixo
5644275;0.0022929856;0.0021188823735940783;Muito Baixo
5644276;0.00028596635;0.0021188823735940783;Muito Baixo
5644277;0.0026671928;0.0021188823735940783;Muito Baixo
5644279;3.352689e-05;0.0021188823735940783;Muito Baixo
