ID_LEAD;score;prob_conversao;segmentacao
6081592;0.10803268;0.05314840171570333;Muito Baixo
6081593;0.0030535096;-0.011981436427173295;Muito Baixo
6081591;0.0019211309;-0.011981436427173295;Muito Baixo
6081594;0.001460634;-0.011981436427173295;Muito Baixo
6081595;0.051728692;0.03874521462815623;Muito Baixo
