ID_LEAD;score;prob_conversao;segmentacao
6144137;0.20099299;0.05787118675845454;Baixo
6144136;0.6882102;0.2022146635530996;Alto
6144138;0.6398809;0.1779521028773811;Alto
6144139;0.0003329669;-0.011981436427173295;Muito Baixo
