ID_LEAD;score;prob_conversao;segmentacao
5759526;0.029530052;0.06070661429705222;Muito Baixo
5759527;0.0045785476;0.02489849822332513;Muito Baixo
