ID_LEAD;score;prob_conversao;segmentacao
5862952;0.0065165353;0.0028657147049909047;Muito Baixo
5862953;0.0045394767;-0.011981436427173295;Muito Baixo
5862954;0.0033007965;-0.011981436427173295;Muito Baixo
5862955;0.0007481912;-0.011981436427173295;Muito Baixo
5862956;0.0056133834;0.0028657147049909047;Muito Baixo
