ID_LEAD;score;prob_conversao;segmentacao
6156215;0.0077398396;0.0028657147049909047;Muito Baixo
6156216;0.0044955793;-0.011981436427173295;Muito Baixo
6156217;0.0015370622;-0.011981436427173295;Muito Baixo
6156218;0.00012107988;-0.011981436427173295;Muito Baixo
6156219;0.0015370622;-0.011981436427173295;Muito Baixo
