ID_LEAD;score;prob_conversao;segmentacao
6105684;0.0003326807;-0.011981436427173295;Muito Baixo
6105685;0.0003326807;-0.011981436427173295;Muito Baixo
6105686;0.4350208;0.1329555480239695;Médio
6105687;0.31765634;0.09093771562177484;Baixo
