ID_LEAD;score;prob_conversao;segmentacao
6163161;0.0038895241;-0.011981436427173295;Muito Baixo
6163162;0.0013159071;-0.011981436427173295;Muito Baixo
6163163;0.00068037637;-0.011981436427173295;Muito Baixo
