ID_LEAD;score;prob_conversao;segmentacao
5885348;0.0670822;0.04691136678787531;Muito Baixo
5885349;0.0022289613;-0.011981436427173295;Muito Baixo
5885350;0.0072598592;0.0028657147049909047;Muito Baixo
5885351;0.39112908;0.11713168794883777;Baixo
5885352;0.0053562396;0.0028657147049909047;Muito Baixo
