ID_LEAD;score;prob_conversao;segmentacao
6075056;0.83449864;0.3326598146390206;Muito Alto
6075053;0.0017690891;-0.011981436427173295;Muito Baixo
6075054;0.0017690891;-0.011981436427173295;Muito Baixo
6075050;0.0014645074;-0.011981436427173295;Muito Baixo
6075051;0.0013469561;-0.011981436427173295;Muito Baixo
6075052;0.2707323;0.07349398397425311;Baixo
6075055;0.0014201298;-0.011981436427173295;Muito Baixo
