ID_LEAD;score;prob_conversao;segmentacao
5766157;0.24807478;0.07790285926379875;Baixo
5766158;0.003859479;0.02489849822332513;Muito Baixo
5766159;5.5828994e-05;0.02489849822332513;Muito Baixo
5766160;0.0013400103;0.02489849822332513;Muito Baixo
5766161;0.002260814;0.02489849822332513;Muito Baixo
5766162;0.0057277395;0.039399597268262115;Muito Baixo
5766163;0.3761105;0.11707523774096112;Baixo
5766164;0.0080145905;0.039399597268262115;Muito Baixo
