ID_LEAD;score;prob_conversao;segmentacao
5883469;0.0005626659;-0.011981436427173295;Muito Baixo
5883468;0.0005626659;-0.011981436427173295;Muito Baixo
5883463;0.005459394;0.0028657147049909047;Muito Baixo
5883464;0.0017226713;-0.011981436427173295;Muito Baixo
5883465;0.00079175073;-0.011981436427173295;Muito Baixo
5883466;0.0030576352;-0.011981436427173295;Muito Baixo
5883467;0.0005626659;-0.011981436427173295;Muito Baixo
