ID_LEAD;score;prob_conversao;segmentacao
6093472;0.06420264;0.04341998922905295;Muito Baixo
6093473;7.272496e-05;-0.011981436427173295;Muito Baixo
