ID_LEAD;score;prob_conversao;segmentacao
6090990;0.00051249453;-0.011981436427173295;Muito Baixo
6090991;0.00051249453;-0.011981436427173295;Muito Baixo
6090992;0.0286163;0.024830489137683563;Muito Baixo
6090993;0.008903028;0.0028657147049909047;Muito Baixo
6090994;0.00284919;-0.011981436427173295;Muito Baixo
6090995;0.0016413352;-0.011981436427173295;Muito Baixo
