ID_LEAD;score;prob_conversao;segmentacao
6100061;0.37472844;0.10989827000356103;Baixo
6100059;0.034969896;0.024830489137683563;Muito Baixo
6100060;0.05081835;0.03874521462815623;Muito Baixo
6100062;0.00091753417;-0.011981436427173295;Muito Baixo
6100063;0.0012601004;-0.011981436427173295;Muito Baixo
6100064;0.0012601004;-0.011981436427173295;Muito Baixo
