ID_LEAD;score;prob_conversao;segmentacao
5688825;0.0027249826;0.0021188823735940783;Muito Baixo
5688828;0.0042330706;0.0021188823735940783;Muito Baixo
5688827;0.00033820086;0.0021188823735940783;Muito Baixo
5688823;0.0027249826;0.0021188823735940783;Muito Baixo
5688824;0.0012272432;0.0021188823735940783;Muito Baixo
5688826;0.00033820086;0.0021188823735940783;Muito Baixo
5688829;0.0013611899;0.0021188823735940783;Muito Baixo
5688830;0.0031803169;0.0021188823735940783;Muito Baixo
5688831;0.000113064554;0.0021188823735940783;Muito Baixo
