ID_LEAD;score;prob_conversao;segmentacao
5842032;0.0018929077;-0.011981436427173295;Muito Baixo
5842025;0.0017793898;-0.011981436427173295;Muito Baixo
5842026;0.008408567;0.0028657147049909047;Muito Baixo
5842027;0.0044571604;-0.011981436427173295;Muito Baixo
5842028;0.015888853;0.015015925278881797;Muito Baixo
5842029;0.0012064127;-0.011981436427173295;Muito Baixo
5842030;0.003950111;-0.011981436427173295;Muito Baixo
5842031;0.0018929077;-0.011981436427173295;Muito Baixo
