ID_LEAD;score;prob_conversao;segmentacao
4943328;0.006956416;0.0076823447792512285;Muito Baixo
