ID_LEAD;score;prob_conversao;segmentacao
5693409;0.00020026555;0.017793354216891658;Muito Baixo
5693407;0.21266864;0.08787385296686823;Baixo
5693412;0.07788293;0.09208630364320423;Muito Baixo
5693405;0.0077276696;0.03479698722802185;Muito Baixo
5693406;0.07788293;0.09208630364320423;Muito Baixo
5693408;0.00020026555;0.017793354216891658;Muito Baixo
5693410;0.0023623686;0.017793354216891658;Muito Baixo
5693413;0.0023623686;0.017793354216891658;Muito Baixo
