ID_LEAD;score;prob_conversao;segmentacao
5641853;0.0021151225;0.0021188823735940783;Muito Baixo
5641852;0.0011538804;0.0021188823735940783;Muito Baixo
5641854;0.0026085952;0.0021188823735940783;Muito Baixo
5641855;0.0028621557;0.0021188823735940783;Muito Baixo
