ID_LEAD;score;prob_conversao;segmentacao
5902095;0.0022999868;-0.011981436427173295;Muito Baixo
5902096;0.000111213805;-0.011981436427173295;Muito Baixo
5902097;0.0022999868;-0.011981436427173295;Muito Baixo
5902098;0.0011229957;-0.011981436427173295;Muito Baixo
5902099;0.0153811565;0.015015925278881797;Muito Baixo
