ID_LEAD;score;prob_conversao;segmentacao
6136205;0.05996143;0.04341998922905295;Muito Baixo
6136206;0.00020536844;-0.011981436427173295;Muito Baixo
6136207;0.00030415738;-0.011981436427173295;Muito Baixo
6136208;0.000441874;-0.011981436427173295;Muito Baixo
