ID_LEAD;score;prob_conversao;segmentacao
5866527;0.034805823;0.024830489137683563;Muito Baixo
5866528;0.005027424;0.0028657147049909047;Muito Baixo
5866529;0.016221778;0.015015925278881797;Muito Baixo
5866530;0.0013715272;-0.011981436427173295;Muito Baixo
5866531;0.0008641618;-0.011981436427173295;Muito Baixo
5866532;0.00019326126;-0.011981436427173295;Muito Baixo
5866533;0.0013715272;-0.011981436427173295;Muito Baixo
