ID_LEAD;score;prob_conversao;segmentacao
6123536;0.013923438;0.0028657147049909047;Muito Baixo
6123534;0.007256451;0.0028657147049909047;Muito Baixo
6123535;0.05749519;0.04341998922905295;Muito Baixo
