ID_LEAD;score;prob_conversao;segmentacao
6111779;0.12769938;0.05390262405857374;Muito Baixo
6111780;0.2574114;0.07050519992259034;Baixo
6111781;0.043154646;0.03263985936286578;Muito Baixo
6111782;0.008484702;0.0028657147049909047;Muito Baixo
6111783;0.3281027;0.094725551234453;Baixo
