ID_LEAD;score;prob_conversao;segmentacao
5713923;0.00058787235;0.017793354216891658;Muito Baixo
5713921;0.0010075661;0.017793354216891658;Muito Baixo
5713922;0.00125517;0.017793354216891658;Muito Baixo
5713924;0.00019866267;0.017793354216891658;Muito Baixo
5713925;0.049136445;0.07815558855921492;Muito Baixo
