ID_LEAD;score;prob_conversao;segmentacao
5761533;0.001070231;0.02489849822332513;Muito Baixo
5761528;0.0015326908;0.02489849822332513;Muito Baixo
5761529;0.0014834526;0.02489849822332513;Muito Baixo
5761530;0.0055757463;0.039399597268262115;Muito Baixo
5761531;0.00282482;0.02489849822332513;Muito Baixo
5761532;0.0015776227;0.02489849822332513;Muito Baixo
5761534;0.02263477;0.05122673237943914;Muito Baixo
