ID_LEAD;score;prob_conversao;segmentacao
6128807;0.00019119782;-0.011981436427173295;Muito Baixo
6128808;0.00027855046;-0.011981436427173295;Muito Baixo
6128809;0.011784238;0.0028657147049909047;Muito Baixo
6128810;4.4190416e-05;-0.011981436427173295;Muito Baixo
