ID_LEAD;score;prob_conversao;segmentacao
6150549;0.6831353;0.19638335923097808;Alto
6150550;0.037858076;0.03263985936286578;Muito Baixo
6150551;0.07569611;0.04944173763435421;Muito Baixo
6150552;0.0013664699;-0.011981436427173295;Muito Baixo
6150553;0.4289188;0.13009645042339882;Médio
