ID_LEAD;score;prob_conversao;segmentacao
5770298;0.04451929;0.06814112388315405;Muito Baixo
5770299;0.67035615;0.20081075014891414;Alto
5770300;0.0048374147;0.02489849822332513;Muito Baixo
5770301;0.020728081;0.05122673237943914;Muito Baixo
5770302;0.0038981095;0.02489849822332513;Muito Baixo
5770303;0.115652464;0.08288003398352042;Muito Baixo
5770304;2.3050849e-05;0.02489849822332513;Muito Baixo
5770305;0.010015097;0.039399597268262115;Muito Baixo
5770306;5.5623976e-05;0.02489849822332513;Muito Baixo
